{
    "entity.zombie.ambient": {
        "replace": true,
        "subtitle": "Zombie bruhs",
        "sounds": [
            "custom/bruh2"
        ]
    },
    "entity.zombie.hurt": {
        "replace": true,
        "subtitle": "Zombie bruhs",
        "sounds": [
            "custom/bruh2"
        ]
    },
    "entity.zombie.death": {
        "replace": true,
        "subtitle": "Zombie bruhs",
        "sounds": [
            "custom/bruh2"
        ]
    },
    "entity.arrow.shoot": {
        "replace": true,
        "subtitle": "Yeet arrow",
        "sounds": [
            "custom/yeet"
        ]
    },
    "entity.experience_orb.pickup": {
        "replace": true,
        "sounds": [
            "custom/ding"
        ]
    },
    "ambient.cave": {
        "replace": true,
        "subtitle": "SCARY FUCKING NOISE",
        "sounds": [
            "custom/8bitguyintro",
            "custom/defaultdance"
        ]
    },
    "entity.player.hurt": {
        "replace": true,
        "subtitle": "Something oofs",
        "sounds": [
            "custom/oof"
        ]
    }
}
